{
  "properties": {
    "connectionReferences": {
      "shared_commondataserviceforapps": {
        "runtimeSource": "embedded",
        "connection": {
          "connectionReferenceLogicalName": "crd1d_sharedcommondataserviceforapps_fc0b1"
        },
        "api": {
          "name": "shared_commondataserviceforapps"
        }
      }
    },
    "definition": {
      "$schema": "https://schema.management.azure.com/providers/Microsoft.Logic/schemas/2016-06-01/workflowdefinition.json#",
      "contentVersion": "1.0.0.0",
      "parameters": {
        "$connections": {
          "defaultValue": {},
          "type": "Object"
        },
        "$authentication": {
          "defaultValue": {},
          "type": "SecureObject"
        }
      },
      "triggers": {
        "manual": {
          "metadata": {
            "operationMetadataId": "7bca7e6c-3339-45e5-a7c7-ad48a932bff9"
          },
          "type": "Request",
          "kind": "Http",
          "inputs": {
            "schema": {
              "type": "object",
              "properties": {
                "file": {
                  "type": "string"
                }
              }
            },
            "triggerAuthenticationType": "All"
          }
        }
      },
      "actions": {
        "Condition": {
          "actions": {
            "Process_receipts": {
              "runAfter": {},
              "metadata": {
                "operationMetadataId": "d9bb47ce-2397-42ba-8244-f22175990d51",
                "flowSystemMetadata": {
                  "portalOperationId": "aibuilderpredict_receiptscanningpretrained",
                  "portalOperationGroup": "aibuilder",
                  "portalOperationApiDisplayNameOverride": "AI Builder",
                  "portalOperationIconOverride": "https://content.powerapps.com/resource/makerx/static/pauto/images/designeroperations/aiBuilderNew.51dbdb6b.png",
                  "portalOperationBrandColorOverride": "#0A76C4",
                  "portalOperationApiTierOverride": "Standard"
                }
              },
              "type": "OpenApiConnection",
              "inputs": {
                "host": {
                  "connectionName": "shared_commondataserviceforapps",
                  "operationId": "aibuilderpredict_receiptscanningpretrained",
                  "apiId": "/providers/Microsoft.PowerApps/apis/shared_commondataserviceforapps"
                },
                "parameters": {
                  "item/requestv2/base64Encoded": "@base64ToBinary(triggerBody()?['file'])"
                },
                "authentication": "@parameters('$authentication')"
              }
            },
            "Compose": {
              "runAfter": {
                "Process_receipts": [
                  "Succeeded"
                ]
              },
              "metadata": {
                "operationMetadataId": "9aef150f-7f23-4075-9c21-cfb67cdfd656"
              },
              "type": "Compose",
              "inputs": {
                "Total": "@outputs('Process_receipts')?['body/responsev2/predictionOutput/result/fields/total/value']",
                "Date": "@outputs('Process_receipts')?['body/responsev2/predictionOutput/result/fields/transactionDate/value']",
                "Merchant": "@outputs('Process_receipts')?['body/responsev2/predictionOutput/result/fields/merchantName/value']"
              }
            },
            "Response": {
              "runAfter": {
                "Compose": [
                  "Succeeded"
                ]
              },
              "metadata": {
                "operationMetadataId": "3a9d565e-0de6-42b8-acbb-f232d691c5ba"
              },
              "type": "Response",
              "kind": "Http",
              "inputs": {
                "statusCode": 200,
                "body": "@outputs('Compose')"
              }
            }
          },
          "runAfter": {},
          "else": {
            "actions": {
              "Response_2": {
                "runAfter": {},
                "metadata": {
                  "operationMetadataId": "32b113be-d1a2-4cc7-bb9a-35770430a9cc"
                },
                "type": "Response",
                "kind": "Http",
                "inputs": {
                  "statusCode": 401
                }
              }
            }
          },
          "expression": {
            "equals": [
              "@triggerOutputs()['Headers']['api-key']",
              "fghjl"
            ]
          },
          "metadata": {
            "operationMetadataId": "c7da9804-b9fa-419d-bc3b-9ef762d73d65"
          },
          "type": "If"
        }
      }
    },
    "templateName": ""
  },
  "schemaVersion": "1.0.0.0"
}